Title,Link,Authors,Details,Publish Online,Publish Online Year,Publish Online Month,Publish Online Date
Behavioral Characteristics of China’s NEET-Prone University Students and Graduates: A Survey from Southwest China,https://www.ncbi.nlm.nih.gov/pmc/articles/PMC10886089/,"Lu Zhao, Yang Li, Ao Yu, Weike Zhang",Behav Sci (Basel)2024 Feb;14(2): 98.Published online 2024 Jan 28.doi:10.3390/bs14020098,1/28/2024,2024,Jan,28
The Effect of Childhood Poly-Victimization on Adulthood Aggression: The Mediating Role of Different Impulsivity Traits,https://www.ncbi.nlm.nih.gov/pmc/articles/PMC10886015/,"Demi C. Bartelen, Stefan Bogaerts, Marija Janković",Behav Sci (Basel)2024 Feb;14(2): 100.Published online 2024 Jan 28.doi:10.3390/bs14020100,1/28/2024,2024,Jan,28
"The Collective Influence of Intolerance of Uncertainty, Cognitive Test Anxiety, and Academic Self-Handicapping on Learner Outcomes: Evidence for a Process Model",https://www.ncbi.nlm.nih.gov/pmc/articles/PMC10886387/,"Jerrell C. Cassady, Addison Helsper, Quinton Quagliano",Behav Sci (Basel)2024 Feb;14(2): 96.Published online 2024 Jan 27.doi:10.3390/bs14020096,1/27/2024,2024,Jan,27
Strength Use and Well-Being at Work among Teachers: The Mediating Role of Basic Need Satisfaction,https://www.ncbi.nlm.nih.gov/pmc/articles/PMC10886044/,"Cangpi Wei, Jiahe Su, Jingjing Zhao, Ke Ding, Feng Kong",Behav Sci (Basel)2024 Feb;14(2): 95.Published online 2024 Jan 27.doi:10.3390/bs14020095,1/27/2024,2024,Jan,27
Risky Sexual Behavior and Psychopathy: Testing the Relationship in a Non-Clinical Sample of Young Adults in Hong Kong,https://www.ncbi.nlm.nih.gov/pmc/articles/PMC10885930/,"Heng Choon (Oliver) Chan, Anthony Beech",Behav Sci (Basel)2024 Feb;14(2): 94.Published online 2024 Jan 27.doi:10.3390/bs14020094,1/27/2024,2024,Jan,27
Can Natural Speech Prosody Distinguish Autism Spectrum Disorders? A Meta-Analysis,https://www.ncbi.nlm.nih.gov/pmc/articles/PMC10886261/,"Wen Ma, Lele Xu, Hao Zhang, Shurui Zhang",Behav Sci (Basel)2024 Feb;14(2): 90.Published online 2024 Jan 26.doi:10.3390/bs14020090,1/26/2024,2024,Jan,26
Psychological Distress in Low-Income and Economically Marginalized Populations in India: Protective and Risk Factors,https://www.ncbi.nlm.nih.gov/pmc/articles/PMC10886196/,"Dipti Singh, Shagufta Nasir, Juhi Sharma, Lydia Giménez-Llort, Mohammad Ghazi Shahnawaz",Behav Sci (Basel)2024 Feb;14(2): 92.Published online 2024 Jan 26.doi:10.3390/bs14020092,1/26/2024,2024,Jan,26
Mental Health Disparities among Pre-Clinical Medical Students at Saint Louis University during the COVID-19 Pandemic,https://www.ncbi.nlm.nih.gov/pmc/articles/PMC10885875/,"Won Jong Chwa, Albert C. Chong, Sheryl Lin, Erin H. Su, Chantal Sheridan, Jacob Schreiber, Stephanie K. Zia, Keniesha Thompson",Behav Sci (Basel)2024 Feb;14(2): 89.Published online 2024 Jan 26.doi:10.3390/bs14020089,1/26/2024,2024,Jan,26
Not All Levels of Social Re-Inclusion Allow for Recovery from Negative Outcomes of Social Exclusion: The Moderating Role of Self-Esteem,https://www.ncbi.nlm.nih.gov/pmc/articles/PMC10886270/,"Beibei Kuang, Sik Hung Ng, Shenli Peng, Ping Hu, Yanqiu Wei",Behav Sci (Basel)2024 Feb;14(2): 88.Published online 2024 Jan 25.doi:10.3390/bs14020088,1/25/2024,2024,Jan,25
Effectiveness of Different Neurocognitive Intervention Approaches on Functionality in Healthy Older Adults: A Systematic Review,https://www.ncbi.nlm.nih.gov/pmc/articles/PMC10886235/,"Susana Sáez-Gutiérrez, Eduardo J. Fernandez-Rodriguez, Celia Sanchez-Gomez, Alberto Garcia-Martin, Luis Polo-Ferrero, Fausto J. Barbero-Iglesias",Behav Sci (Basel)2024 Feb;14(2): 87.Published online 2024 Jan 25.doi:10.3390/bs14020087,1/25/2024,2024,Jan,25
Navigating Adult Life from Emerging to Middle Adulthood: Patterns of Systemic Influences and Time Perspective in Migrants,https://www.ncbi.nlm.nih.gov/pmc/articles/PMC10886102/,"Teresa Maria Sgaramella, Andrea Zammitti, Paola Magnano",Behav Sci (Basel)2024 Feb;14(2): 86.Published online 2024 Jan 25.doi:10.3390/bs14020086,1/25/2024,2024,Jan,25
The Urban–Rural Heterogeneous Effect of Family SES on Achievement: The Mediating Role of Culture,https://www.ncbi.nlm.nih.gov/pmc/articles/PMC10886338/,Ningning Wang,Behav Sci (Basel)2024 Feb;14(2): 84.Published online 2024 Jan 24.doi:10.3390/bs14020084,1/24/2024,2024,Jan,24
The Relationship between Childhood Abuse and Suicidal Ideation among Chinese College Students: The Mediating Role of Core Self-Evaluation and Negative Emotions,https://www.ncbi.nlm.nih.gov/pmc/articles/PMC10886011/,"Zhaoxia Pan, Dajun Zhang, Xiaohua Bian, Hongye Li",Behav Sci (Basel)2024 Feb;14(2): 83.Published online 2024 Jan 24.doi:10.3390/bs14020083,1/24/2024,2024,Jan,24
Your Pain Pleases Others: The Influence of Social Interaction Patterns and Group Identity on Schadenfreude,https://www.ncbi.nlm.nih.gov/pmc/articles/PMC10886134/,"Binghai Sun, Tongyin Huang, Ying Wu, Liting Fan",Behav Sci (Basel)2024 Feb;14(2): 79.Published online 2024 Jan 23.doi:10.3390/bs14020079,1/23/2024,2024,Jan,23
Virtual Reality Utilized for Safety Skills Training for Autistic Individuals: A Review,https://www.ncbi.nlm.nih.gov/pmc/articles/PMC10885886/,"Lili Liu, Xinyu Yao, Jingying Chen, Kun Zhang, Leyuan Liu, Guangshuai Wang, Yutao Ling",Behav Sci (Basel)2024 Feb;14(2): 82.Published online 2024 Jan 23.doi:10.3390/bs14020082,1/23/2024,2024,Jan,23
"Prosocial Behaviors at Work: Key Concepts, Measures, Interventions, Antecedents, and Outcomes",https://www.ncbi.nlm.nih.gov/pmc/articles/PMC10813621/,Rona Hart,Behav Sci (Basel)2024 Jan;14(1): 78.Published online 2024 Jan 22.doi:10.3390/bs14010078,1/22/2024,2024,Jan,22
Effect of Participation Motivation in Sports Climbing on Leisure Satisfaction and Physical Self-Efficacy,https://www.ncbi.nlm.nih.gov/pmc/articles/PMC10813116/,"Sheng Yen Lee, Sa Man Kim, Ryang Suk Lee, Ik Ryeul Park",Behav Sci (Basel)2024 Jan;14(1): 76.Published online 2024 Jan 22.doi:10.3390/bs14010076,1/22/2024,2024,Jan,22
Predicting Risk of Bullying Victimization among Primary and Secondary School Students: Based on a Machine Learning Model,https://www.ncbi.nlm.nih.gov/pmc/articles/PMC10813723/,"Tian Qiu, Sizhe Wang, Di Hu, Ningning Feng, Lijuan Cui",Behav Sci (Basel)2024 Jan;14(1): 73.Published online 2024 Jan 20.doi:10.3390/bs14010073,1/20/2024,2024,Jan,20
“Knowing I Had Someone to Turn to Was a Great Feeling”: Mentoring Rural-Appalachian STEM Students,https://www.ncbi.nlm.nih.gov/pmc/articles/PMC10813378/,"Henrietta S. Gantt, Leia K. Cain, Melinda M. Gibbons, Cherish F. Thomas, Mary K. Wynn, Betsy C. Johnson, Erin E. Hardin",Behav Sci (Basel)2024 Jan;14(1): 75.Published online 2024 Jan 20.doi:10.3390/bs14010075,1/20/2024,2024,Jan,20
Flood Risk and Preventive Choices: A Framework for Studying Human Behaviors,https://www.ncbi.nlm.nih.gov/pmc/articles/PMC10813114/,"Alessandro Sapienza, Rino Falcone",Behav Sci (Basel)2024 Jan;14(1): 74.Published online 2024 Jan 20.doi:10.3390/bs14010074,1/20/2024,2024,Jan,20
Pupillary Responses to Dot Patterns on a Human Face Background,https://www.ncbi.nlm.nih.gov/pmc/articles/PMC10813683/,"Nanxin Song, Shinichi Koyama",Behav Sci (Basel)2024 Jan;14(1): 69.Published online 2024 Jan 19.doi:10.3390/bs14010069,1/19/2024,2024,Jan,19
Relationship between Athletes’ Big Five Model of Personality and Athletic Performance: Meta-Analysis,https://www.ncbi.nlm.nih.gov/pmc/articles/PMC10813302/,"Ji-Hye Yang, Hye Jin Yang, Chulhwan Choi, Chul-Ho Bum",Behav Sci (Basel)2024 Jan;14(1): 71.Published online 2024 Jan 19.doi:10.3390/bs14010071,1/19/2024,2024,Jan,19
"Dyslexia, the Amsterdam Way",https://www.ncbi.nlm.nih.gov/pmc/articles/PMC10813111/,"Maurits W. van der Molen, Patrick Snellings, Sebastián Aravena, Gorka Fraga González, Maaike H. T. Zeguers, Cara Verwimp, Jurgen Tijms",Behav Sci (Basel)2024 Jan;14(1): 72.Published online 2024 Jan 19.doi:10.3390/bs14010072,1/19/2024,2024,Jan,19
Personal and Psychological Traits of University-Going Women That Affect Opportunities and Entrepreneurial Intentions,https://www.ncbi.nlm.nih.gov/pmc/articles/PMC10813403/,"Luis Enrique Valdez-Juárez, Elva Alicia Ramos-Escobar, José Alonso Ruiz-Zamora, Edith Patricia Borboa-Álvarez",Behav Sci (Basel)2024 Jan;14(1): 66.Published online 2024 Jan 18.doi:10.3390/bs14010066,1/18/2024,2024,Jan,18
"Motivation to Avoid Uncertainty, Implicit Person Theories about the Malleability of Human Attributes and Attitudes toward Women as Leaders vs. Followers: A Mediational Analysis",https://www.ncbi.nlm.nih.gov/pmc/articles/PMC10813702/,"Federico Contu, Flavia Albarello, Antonio Pierro",Behav Sci (Basel)2024 Jan;14(1): 64.Published online 2024 Jan 17.doi:10.3390/bs14010064,1/17/2024,2024,Jan,17
COVID-19 Personal Protective Behaviors during Large Social Events: The Value of Behavioral Observations,https://www.ncbi.nlm.nih.gov/pmc/articles/PMC10813672/,"Ashley Gould, Lesley Lewis, Lowri Evans, Leanne Greening, Holly Howe-Davies, Jonathan West, Chris Roberts, John A. Parkinson",Behav Sci (Basel)2024 Jan;14(1): 63.Published online 2024 Jan 17.doi:10.3390/bs14010063,1/17/2024,2024,Jan,17
The Association between Cesarean Section Delivery and Child Behavior: Is It Mediated by Maternal Post-Traumatic Stress Disorder and Maternal Postpartum Depression?,https://www.ncbi.nlm.nih.gov/pmc/articles/PMC10813011/,"Marie-Andrée Grisbrook, Deborah Dewey, Colleen Cuthbert, Sheila McDonald, Henry Ntanda, Nicole Letourneau",Behav Sci (Basel)2024 Jan;14(1): 61.Published online 2024 Jan 17.doi:10.3390/bs14010061,1/17/2024,2024,Jan,17
"Intra- and Inter-Individual Associations of Family-to-Work Conflict, Psychological Distress, and Job Satisfaction: Gender Differences in Dual-Earner Parents during the COVID-19 Pandemic",https://www.ncbi.nlm.nih.gov/pmc/articles/PMC10813670/,"Berta Schnettler, Edgardo Miranda-Zapata, Ligia Orellana, Mahia Saracostti, Héctor Poblete, Germán Lobos, Cristian Adasme-Berríos, María Lapo, Katherine Beroiza, Andrés Concha-Salgado, Leonor Riquelme-Segura, José A. Sepúlveda, Karol Reutter",Behav Sci (Basel)2024 Jan;14(1): 56.Published online 2024 Jan 16.doi:10.3390/bs14010056,1/16/2024,2024,Jan,16
Effects of Perceived Parent–Child Relationships and Self-Concept on Creative Personality among Middle School Students,https://www.ncbi.nlm.nih.gov/pmc/articles/PMC10813130/,"Hyesung Park, Sungyeun Kim",Behav Sci (Basel)2024 Jan;14(1): 58.Published online 2024 Jan 16.doi:10.3390/bs14010058,1/16/2024,2024,Jan,16
"Relationships between Self-Talk, Inner Speech, Mind Wandering, Mindfulness, Self-Concept Clarity, and Self-Regulation in University Students",https://www.ncbi.nlm.nih.gov/pmc/articles/PMC10813701/,"Famira Racy, Alain Morin",Behav Sci (Basel)2024 Jan;14(1): 55.Published online 2024 Jan 15.doi:10.3390/bs14010055,1/15/2024,2024,Jan,15
Effects of Impulsivity and Interpersonal Problems on Adolescent Depression: A Cross-Lagged Study,https://www.ncbi.nlm.nih.gov/pmc/articles/PMC10813366/,"Yanan Yang, Mingyangjia Tian, Yu Liu, Shaojie Qiu, Yuan Hu, Yang Yang, Chenxu Wang, Zhansheng Xu, Lin Lin",Behav Sci (Basel)2024 Jan;14(1): 52.Published online 2024 Jan 15.doi:10.3390/bs14010052,1/15/2024,2024,Jan,15
Introducing Entropy into Organizational Psychology: An Entropy-Based Proactive Control Model,https://www.ncbi.nlm.nih.gov/pmc/articles/PMC10813203/,"Haozhe Jia, Lei Wang",Behav Sci (Basel)2024 Jan;14(1): 54.Published online 2024 Jan 15.doi:10.3390/bs14010054,1/15/2024,2024,Jan,15
Determinants of Quality of Life (QoL) in Female Caregivers in Elderly Care Facilities in Korea,https://www.ncbi.nlm.nih.gov/pmc/articles/PMC10813007/,"Hee-Kyung Kim, Hye-Suk Oh",Behav Sci (Basel)2024 Jan;14(1): 53.Published online 2024 Jan 15.doi:10.3390/bs14010053,1/15/2024,2024,Jan,15
Seeing as Feeling? The Impact of Tactile Compensation Videos on Consumer Purchase Intention,https://www.ncbi.nlm.nih.gov/pmc/articles/PMC10813092/,"Kan Jiang, Shaohua Luo, Junyuan Zheng",Behav Sci (Basel)2024 Jan;14(1): 50.Published online 2024 Jan 12.doi:10.3390/bs14010050,1/12/2024,2024,Jan,12
Does Overqualification Play a Promoting or a Hindering Role? The Impact of Public Employees’ Perceived Overqualification on Workplace Behaviors,https://www.ncbi.nlm.nih.gov/pmc/articles/PMC10812830/,"Zhe Shang, Chenhui Zuo, Yan Shi, Ting Zhou",Behav Sci (Basel)2024 Jan;14(1): 48.Published online 2024 Jan 12.doi:10.3390/bs14010048,1/12/2024,2024,Jan,12
The Fibromyalgia Decomposition Phenomenon: A Reflexive Thematic Analysis,https://www.ncbi.nlm.nih.gov/pmc/articles/PMC10813499/,"Bethany C. Fitzmaurice, Rebecca L. Grenfell, Nicola R. Heneghan, Asius T. A. Rayen, Andrew A. Soundy",Behav Sci (Basel)2024 Jan;14(1): 47.Published online 2024 Jan 11.doi:10.3390/bs14010047,1/11/2024,2024,Jan,11
Effect of Dancing Interventions on Depression and Anxiety Symptoms in Older Adults: A Systematic Review and Meta-Analysis,https://www.ncbi.nlm.nih.gov/pmc/articles/PMC10813489/,"Tiago Paiva Prudente, Eleazar Mezaiko, Erika Aparecida Silveira, Túlio Eduardo Nogueira",Behav Sci (Basel)2024 Jan;14(1): 43.Published online 2024 Jan 10.doi:10.3390/bs14010043,1/10/2024,2024,Jan,10
Effectiveness of Cognitive Behavioral Therapy (CBT) on Psychological Distress among Mothers of Children with Autism Spectrum Disorder: The Role of Problem-Solving Appraisal,https://www.ncbi.nlm.nih.gov/pmc/articles/PMC10813282/,"Enas Mahrous Abdelaziz, Nourah Alsadaan, Mohammed Alqahtani, Nadia Bassuoni Elsharkawy, Marwa Mohamed Ahmed Ouda, Osama Mohamed Elsayed Ramadan, Mostafa Shaban, Evon S. Shokre",Behav Sci (Basel)2024 Jan;14(1): 46.Published online 2024 Jan 10.doi:10.3390/bs14010046,1/10/2024,2024,Jan,10
MoCA Domain-Specific Pattern of Cognitive Impairment in Stroke Patients Attending Intensive Inpatient Rehabilitation: A Prospective Study,https://www.ncbi.nlm.nih.gov/pmc/articles/PMC10813017/,"Benedetta Basagni, Serena Malloggi, Cristina Polito, Leonardo Pellicciari, Silvia Campagnini, Silvia Pancani, Andrea Mannini, Paola Gemignani, Emilia Salvadori, Sara Marignani, Fabio Giovannelli, Maria Pia Viggiano, Bahia Hakiki, Antonello Grippo, Claudio Macchi, Francesca Cecchi",Behav Sci (Basel)2024 Jan;14(1): 42.Published online 2024 Jan 9.doi:10.3390/bs14010042,1/9/2024,2024,Jan,9
Flexibility Retained: Unimpaired Updating of Expectations in Schizophrenia,https://www.ncbi.nlm.nih.gov/pmc/articles/PMC10812936/,"Jian Li, Luo Chen, Dongsheng Zhou, Enze Tang, Jiewei Zheng, Xiaoqi Huang, Bao-Liang Zhong, Chenxiao Guan, Huiying Liu, Mowei Shen, Hui Chen",Behav Sci (Basel)2024 Jan;14(1): 41.Published online 2024 Jan 7.doi:10.3390/bs14010041,1/7/2024,2024,Jan,7
Academic Self-Concept Wins the Race: The Prediction of Achievements in Three Major School Subjects by Five Subject-Specific Self-Related Variables,https://www.ncbi.nlm.nih.gov/pmc/articles/PMC10813676/,"Detlef H. Rost, Xiaoli Feng",Behav Sci (Basel)2024 Jan;14(1): 40.Published online 2024 Jan 5.doi:10.3390/bs14010040,1/5/2024,2024,Jan,5
Is It Safe Enough? An IPA Study of How Couple Therapists Make Sense of Their Decision to Either Stop or Continue with Couple Therapy When Violence Becomes the Issue,https://www.ncbi.nlm.nih.gov/pmc/articles/PMC10813270/,"Jan Frode Snellingen, Pål Erik Carlin, Arlene Vetere",Behav Sci (Basel)2024 Jan;14(1): 37.Published online 2024 Jan 5.doi:10.3390/bs14010037,1/5/2024,2024,Jan,5
Enforcement of Fairness Norms by Punishment: A Comparison of Gains and Losses,https://www.ncbi.nlm.nih.gov/pmc/articles/PMC10812817/,"Ivo Windrich, Sabrina Kierspel, Thomas Neumann, Roger Berger, Bodo Vogt",Behav Sci (Basel)2024 Jan;14(1): 39.Published online 2024 Jan 5.doi:10.3390/bs14010039,1/5/2024,2024,Jan,5
Perceived Stressful Life Events and Suicide Risk in Adolescence: The Mediating Role of Perceived Family Functioning,https://www.ncbi.nlm.nih.gov/pmc/articles/PMC10813563/,"Irene Caro-Cañizares, Nuria Sánchez-Colorado, Enrique Baca-García, Juan J. Carballo",Behav Sci (Basel)2024 Jan;14(1): 35.Published online 2024 Jan 3.doi:10.3390/bs14010035,1/3/2024,2024,Jan,3
The Relationship between Occupational Fatigue and Well-Being: The Moderating Effect of Unhealthy Eating Behaviour,https://www.ncbi.nlm.nih.gov/pmc/articles/PMC10813322/,"Tingyu Wu, Xiaotong Tan, Yuying Li, Yongqi Liang, Jialin Fan",Behav Sci (Basel)2024 Jan;14(1): 32.Published online 2024 Jan 2.doi:10.3390/bs14010032,1/2/2024,2024,Jan,2
Correlation of Positive Psychological Health among US Adults (Aged ≥ 50 Years) with Pain and Documented Opioid Treatment,https://www.ncbi.nlm.nih.gov/pmc/articles/PMC10813132/,"David R. Axon, Uche Agu",Behav Sci (Basel)2024 Jan;14(1): 27.Published online 2023 Dec 29.doi:10.3390/bs14010027,12/29/2023,2023,Dec,29
Beyond Gender: Interoceptive Sensibility as a Key Predictor of Body Image Disturbances,https://www.ncbi.nlm.nih.gov/pmc/articles/PMC10812832/,"Akansha M. Naraindas, Marina Moreno, Sarah M. Cooney",Behav Sci (Basel)2024 Jan;14(1): 25.Published online 2023 Dec 28.doi:10.3390/bs14010025,12/28/2023,2023,Dec,28
Perceived Interpersonal Distances: A Cross-Cultural Analysis of Young Taiwanese and Young Southeast Asians during the COVID-19 Pandemic,https://www.ncbi.nlm.nih.gov/pmc/articles/PMC10812708/,"Yi-Lang Chen, Yu-Chi Lee, Andi Rahman",Behav Sci (Basel)2024 Jan;14(1): 20.Published online 2023 Dec 27.doi:10.3390/bs14010020,12/27/2023,2023,Dec,27
The Moderating Role of Cortisol and Negative Emotionality in the Effects of Classroom Size and Window View on Young Children’s Executive Functions,https://www.ncbi.nlm.nih.gov/pmc/articles/PMC10812794/,Kijoo Cha,Behav Sci (Basel)2024 Jan;14(1): 18.Published online 2023 Dec 25.doi:10.3390/bs14010018,12/25/2023,2023,Dec,25
Effect of Achievement Motivation and Self-Efficacy on General Well-Being among Students at Normal Universities in Ningxia: The Mediating Role of Time Management,https://www.ncbi.nlm.nih.gov/pmc/articles/PMC10813115/,"Jingyi Dong, Norlizah Che Hassan, Aminuddin Bin Hassan, Dan Chen, Wei Guo",Behav Sci (Basel)2024 Jan;14(1): 15.Published online 2023 Dec 24.doi:10.3390/bs14010015,12/24/2023,2023,Dec,24
"Early Risk Factors for Self-Injurious Thoughts and Behaviours: A UK Population-Based Study of 219,581 People",https://www.ncbi.nlm.nih.gov/pmc/articles/PMC10812924/,"Alejandro Porras-Segovia, Ana Pascual-Sanchez, Geva Greenfield, Hanna-Marie Creese, Sonia Saxena, Dougal Hargreaves, Dasha Nicholls",Behav Sci (Basel)2024 Jan;14(1): 16.Published online 2023 Dec 24.doi:10.3390/bs14010016,12/24/2023,2023,Dec,24
The Relationship between Career Calling and Resilience among Rural-Oriented Pre-Service Teachers: The Chain Mediating Role of Career Adaptability and Decent Work,https://www.ncbi.nlm.nih.gov/pmc/articles/PMC10813303/,"Ya Wen, Huaruo Chen, Fei Liu, Xindong Wei",Behav Sci (Basel)2024 Jan;14(1): 11.Published online 2023 Dec 22.doi:10.3390/bs14010011,12/22/2023,2023,Dec,22
Staff Perspectives in Mental Health Research Regarding Restrictive Interventions: An Australian Scoping Review and Thematic Analysis,https://www.ncbi.nlm.nih.gov/pmc/articles/PMC10812717/,"Jacinta Chavulak, Terry Smyth, Nicholas Sutcliffe, Melissa Petrakis",Behav Sci (Basel)2024 Jan;14(1): 9.Published online 2023 Dec 22.doi:10.3390/bs14010009,12/22/2023,2023,Dec,22
The Relationship of Rejection Sensitivity to Depressive Symptoms in Adolescence: The Indirect Effect of Perceived Social Acceptance by Peers,https://www.ncbi.nlm.nih.gov/pmc/articles/PMC10812680/,Theodoros Giovazolias,Behav Sci (Basel)2024 Jan;14(1): 10.Published online 2023 Dec 22.doi:10.3390/bs14010010,12/22/2023,2023,Dec,22
"Well-Being, Mental Health, and Study Characteristics of Medical Students before and during the Pandemic",https://www.ncbi.nlm.nih.gov/pmc/articles/PMC10812729/,"Alexandra Huber, Luna Rabl, Thomas Höge-Raisig, Stefan Höfer",Behav Sci (Basel)2024 Jan;14(1): 7.Published online 2023 Dec 21.doi:10.3390/bs14010007,12/21/2023,2023,Dec,21
The Power of Peer Leaders: Exploring the Link between Peer Leadership Behaviors and Sustainable Work Outcomes,https://www.ncbi.nlm.nih.gov/pmc/articles/PMC10813210/,"Charlotte M. Edelmann, Filip Boen, Jeroen Stouten, Gert Vande Broek, Katrien Fransen",Behav Sci (Basel)2024 Jan;14(1): 2.Published online 2023 Dec 19.doi:10.3390/bs14010002,12/19/2023,2023,Dec,19
Psychosocial Work Conditions as Determinants of Well-Being in Jamaican Police Officers: The Mediating Role of Perceived Job Stress and Job Satisfaction,https://www.ncbi.nlm.nih.gov/pmc/articles/PMC10812601/,"Kenisha Nelson, Andrew P. Smith",Behav Sci (Basel)2024 Jan;14(1): 1.Published online 2023 Dec 19.doi:10.3390/bs14010001,12/19/2023,2023,Dec,19
Factors Affecting Disaster or Emergency Coping Skills in People with Intellectual Disabilities,https://www.ncbi.nlm.nih.gov/pmc/articles/PMC10741091/,Eun-Young Park,Behav Sci (Basel)2023 Dec;13(12): 1018.Published online 2023 Dec 18.doi:10.3390/bs13121018,12/18/2023,2023,Dec,18
Health-Related Quality of Life in Kindergarten Children with Developmental Language Disorder: Child–Mother Agreement,https://www.ncbi.nlm.nih.gov/pmc/articles/PMC10740897/,"Maria Boukouvala, Thomas Hyphantis, Iouliani Koullourou, Alexandra Tzotzi, Andromachi Mitropoulou, Christos Mantas, Petros Petrikis, Aspasia Serdari, Vassiliki Siafaka, Konstantinos Kotsis",Behav Sci (Basel)2023 Dec;13(12): 1017.Published online 2023 Dec 18.doi:10.3390/bs13121017,12/18/2023,2023,Dec,18
"Technostress, Quality of Work Life, and Job Performance: A Moderated Mediation Model",https://www.ncbi.nlm.nih.gov/pmc/articles/PMC10741155/,"Farida Saleem, Muhammad Imran Malik",Behav Sci (Basel)2023 Dec;13(12): 1014.Published online 2023 Dec 15.doi:10.3390/bs13121014,12/15/2023,2023,Dec,15
"Body Mass Index: Influence on Interpersonal Style, Basic Psychological Needs, Motivation, and Physical Activity Intention in Physical Education—Differences between Gender and Educational Stage",https://www.ncbi.nlm.nih.gov/pmc/articles/PMC10740544/,"David Manzano-Sánchez, Alberto Gómez-Mármol, Manuel Gómez-López",Behav Sci (Basel)2023 Dec;13(12): 1015.Published online 2023 Dec 15.doi:10.3390/bs13121015,12/15/2023,2023,Dec,15
Do Social Exchange Relationships Influence Total-Quality-Management Involvement? Evidence from Frontline Employees of International Hotels,https://www.ncbi.nlm.nih.gov/pmc/articles/PMC10740844/,Chung-Jen Wang,Behav Sci (Basel)2023 Dec;13(12): 1013.Published online 2023 Dec 14.doi:10.3390/bs13121013,12/14/2023,2023,Dec,14
Life Satisfaction and Psychological Capital in Athletes with Physical Disabilities,https://www.ncbi.nlm.nih.gov/pmc/articles/PMC10740840/,"Olatz Zabala-Dominguez, Isabel Rubio Florido, Yolanda Lázaro Fernández, Erika Borrajo Mena",Behav Sci (Basel)2023 Dec;13(12): 1010.Published online 2023 Dec 11.doi:10.3390/bs13121010,12/11/2023,2023,Dec,11
"Cognitive Functions, Theory of Mind Abilities, and Personality Dispositions as Potential Predictors of the Detection of Reciprocity in Deceptive and Cooperative Contexts through Different Age Groups",https://www.ncbi.nlm.nih.gov/pmc/articles/PMC10741168/,"Anne-Lise Florkin, Alessia Rosi, Serena Lecce, Elena Cavallini",Behav Sci (Basel)2023 Dec;13(12): 1007.Published online 2023 Dec 10.doi:10.3390/bs13121007,12/10/2023,2023,Dec,10
Validation of the Cognitive Reserve Index Questionnaire (CRIq) in Arabic,https://www.ncbi.nlm.nih.gov/pmc/articles/PMC10740462/,"Natali Farran, Hala Darwish",Behav Sci (Basel)2023 Dec;13(12): 1006.Published online 2023 Dec 10.doi:10.3390/bs13121006,12/10/2023,2023,Dec,10
"Taking a Break: The Effects of Partaking in a Two-Week Social Media Digital Detox on Problematic Smartphone and Social Media Use, and Other Health-Related Outcomes among Young Adults",https://www.ncbi.nlm.nih.gov/pmc/articles/PMC10740995/,"Paige Coyne, Sarah J. Woodruff",Behav Sci (Basel)2023 Dec;13(12): 1004.Published online 2023 Dec 8.doi:10.3390/bs13121004,12/8/2023,2023,Dec,8
Effects of Sleep Deprivation and Hazard Types on the Visual Search Patterns and Hazard Response Times of Taxi Drivers,https://www.ncbi.nlm.nih.gov/pmc/articles/PMC10740726/,"Long Sun, Meiqi Zhang, Yuanbo Qiu, Changlu Zhang",Behav Sci (Basel)2023 Dec;13(12): 1005.Published online 2023 Dec 8.doi:10.3390/bs13121005,12/8/2023,2023,Dec,8
The Psychometric Structure of Executive Functions: A Satisfactory Measurement Model? An Examination Using Meta-Analysis and Network Modeling,https://www.ncbi.nlm.nih.gov/pmc/articles/PMC10740530/,"Kevin P. Rosales, Eugene H. Wong, Lisa Looney",Behav Sci (Basel)2023 Dec;13(12): 1003.Published online 2023 Dec 8.doi:10.3390/bs13121003,12/8/2023,2023,Dec,8
Narrative Approach and Mentalization,https://www.ncbi.nlm.nih.gov/pmc/articles/PMC10740439/,"Alessandro Frolli, Francesco Cerciello, Sonia Ciotola, Maria Carla Ricci, Clara Esposito, Luigia Simona Sica",Behav Sci (Basel)2023 Dec;13(12): 994.Published online 2023 Dec 1.doi:10.3390/bs13120994,12/1/2023,2023,Dec,1
Applying the Behaviour Change Wheel to UK Local Authority Policy Documents: A Content Analysis in the Context of Financial Behaviour,https://www.ncbi.nlm.nih.gov/pmc/articles/PMC10741065/,"Zach Mills, Katryn Wright, Danielle D’Lima",Behav Sci (Basel)2023 Dec;13(12): 991.Published online 2023 Nov 30.doi:10.3390/bs13120991,11/30/2023,2023,Nov,30
Linking Distributed Leadership with Differentiated Instruction in Inclusive Schools: The Mediating Roles of Teacher Leadership and Professional Competence,https://www.ncbi.nlm.nih.gov/pmc/articles/PMC10740903/,"Tiantian Wang, Guoxiu Tian",Behav Sci (Basel)2023 Dec;13(12): 990.Published online 2023 Nov 30.doi:10.3390/bs13120990,11/30/2023,2023,Nov,30
Avoiding Academic Burnout: Academic Factors That Enhance University Student Engagement,https://www.ncbi.nlm.nih.gov/pmc/articles/PMC10740539/,"Salvador Reyes-de-Cózar, Alba Merino-Cajaraville, María Rosa Salguero-Pazos",Behav Sci (Basel)2023 Dec;13(12): 989.Published online 2023 Nov 30.doi:10.3390/bs13120989,11/30/2023,2023,Nov,30
Deliberative Democracy and Incompatibilities of Choice Norms,https://www.ncbi.nlm.nih.gov/pmc/articles/PMC10741093/,Hannu Nurmi,Behav Sci (Basel)2023 Dec;13(12): 985.Published online 2023 Nov 29.doi:10.3390/bs13120985,11/29/2023,2023,Nov,29
Effects of Physical Exercise on Executive Functions among College Students in China: Exploring the Influence of Exercise Intensity and Duration,https://www.ncbi.nlm.nih.gov/pmc/articles/PMC10740733/,"Ming Yu, Xinyi Han, Xiaomei Wang, Rongxin Guan",Behav Sci (Basel)2023 Dec;13(12): 987.Published online 2023 Nov 29.doi:10.3390/bs13120987,11/29/2023,2023,Nov,29
A Four-Item Questionnaire to Measure Problematic Social Media Use: The Social Media Disorder Test,https://www.ncbi.nlm.nih.gov/pmc/articles/PMC10741071/,"Lutz Wartberg, Carolin Spindler, Sophia Berber, Katrin Potzel, Rudolf Kammerl",Behav Sci (Basel)2023 Dec;13(12): 980.Published online 2023 Nov 28.doi:10.3390/bs13120980,11/28/2023,2023,Nov,28
"Positive Impact, Creativity, and Innovative Behavior at Work: The Mediating Role of Basic Needs Satisfaction",https://www.ncbi.nlm.nih.gov/pmc/articles/PMC10740987/,"Konstantinos Papachristopoulos, Marc-Antoine Gradito Dubord, Florence Jauvin, Jacques Forest, Patrick Coulombe",Behav Sci (Basel)2023 Dec;13(12): 984.Published online 2023 Nov 28.doi:10.3390/bs13120984,11/28/2023,2023,Nov,28
The Interaction between Congruency and Numerical Ratio Effects in the Nonsymbolic Comparison Test,https://www.ncbi.nlm.nih.gov/pmc/articles/PMC10740770/,"Yulia Kuzmina, Julia Marakshina, Marina Lobaskova, Ilya Zakharov, Tatiana Tikhomirova, Sergey Malykh",Behav Sci (Basel)2023 Dec;13(12): 983.Published online 2023 Nov 28.doi:10.3390/bs13120983,11/28/2023,2023,Nov,28
"A Systematic Approach to Implementing, Evaluating, and Sustaining the Shared Citizenship Paradigm in the Disability Field",https://www.ncbi.nlm.nih.gov/pmc/articles/PMC10740522/,"Miguel Ángel Verdugo, Robert L. Schalock, Laura E. Gómez, Patricia Navas",Behav Sci (Basel)2023 Dec;13(12): 970.Published online 2023 Nov 25.doi:10.3390/bs13120970,11/25/2023,2023,Nov,25
Women with Schizophrenia Have Difficulty Maintaining Healthy Diets for Themselves and Their Children: A Narrative Review,https://www.ncbi.nlm.nih.gov/pmc/articles/PMC10740554/,Mary V. Seeman,Behav Sci (Basel)2023 Dec;13(12): 967.Published online 2023 Nov 24.doi:10.3390/bs13120967,11/24/2023,2023,Nov,24
"A Multi-System Approach to Investigate Different Forms of Delinquency in Female Adolescents at Risk: Family, School, and Peers",https://www.ncbi.nlm.nih.gov/pmc/articles/PMC10740767/,Jerf W. K. Yeung,Behav Sci (Basel)2023 Dec;13(12): 960.Published online 2023 Nov 22.doi:10.3390/bs13120960,11/22/2023,2023,Nov,22
The Influence of Adverse Childhood Experiences on Malevolent Creativity in Young Adulthood,https://www.ncbi.nlm.nih.gov/pmc/articles/PMC10740602/,"Natalie A. Ceballos, Toni Terling Watt",Behav Sci (Basel)2023 Dec;13(12): 961.Published online 2023 Nov 22.doi:10.3390/bs13120961,11/22/2023,2023,Nov,22
Assessment of Parental Needs and Quality of Life in Children with a Rare Neuromuscular Disease (Pompe Disease): A Quantitative–Qualitative Study,https://www.ncbi.nlm.nih.gov/pmc/articles/PMC10741056/,"Loredana Benedetto, Olimpia Musumeci, Annunziata Giordano, Mattia Porcino, Massimo Ingrassia",Behav Sci (Basel)2023 Dec;13(12): 956.Published online 2023 Nov 21.doi:10.3390/bs13120956,11/21/2023,2023,Nov,21
A Study of the Relationship between University Students’ Food Neophobia and Their Tendencies towards Orthorexia Nervosa,https://www.ncbi.nlm.nih.gov/pmc/articles/PMC10741013/,"Ayse Gumusler Basaran, Yagmur Demirel Ozbek",Behav Sci (Basel)2023 Dec;13(12): 958.Published online 2023 Nov 21.doi:10.3390/bs13120958,11/21/2023,2023,Nov,21
"The Impact of Regular Physical Exercise on Psychopathology, Cognition, and Quality of Life in Patients Diagnosed with Schizophrenia: A Scoping Review",https://www.ncbi.nlm.nih.gov/pmc/articles/PMC10740550/,"Lucía Vila-Barrios, Eduardo Carballeira, Adrián Varela-Sanz, Eliseo Iglesias-Soler, Xurxo Dopico-Calvo",Behav Sci (Basel)2023 Dec;13(12): 959.Published online 2023 Nov 21.doi:10.3390/bs13120959,11/21/2023,2023,Nov,21
Relationship between Physical Fitness and Cyberbullying Patterns (Cybervictimization and Cyberperpetration) in Spanish Adolescents,https://www.ncbi.nlm.nih.gov/pmc/articles/PMC10669732/,"Juan de Dios Benítez-Sillero, Diego Corredor-Corredor, Luis Manuel Martínez-Aranda, Oriol Abellán-Aynés, Iago Portela-Pino, Javier Raya-González",Behav Sci (Basel)2023 Nov;13(11): 952.Published online 2023 Nov 20.doi:10.3390/bs13110952,11/20/2023,2023,Nov,20
Habitual Mask Wearing as Part of COVID-19 Control in Japan: An Assessment Using the Self-Report Habit Index,https://www.ncbi.nlm.nih.gov/pmc/articles/PMC10669277/,"Tianwen Li, Marie Fujimoto, Katsuma Hayashi, Asami Anzai, Hiroshi Nishiura",Behav Sci (Basel)2023 Nov;13(11): 951.Published online 2023 Nov 19.doi:10.3390/bs13110951,11/19/2023,2023,Nov,19
Predictors of Vaccination Intentions and Behaviour during the COVID-19 Pandemic in Italy,https://www.ncbi.nlm.nih.gov/pmc/articles/PMC10669074/,"Amanda Nerini, Mirko Duradoni, Camilla Matera, Andrea Guazzini, Monica Paradisi, Adriele Schembri",Behav Sci (Basel)2023 Nov;13(11): 950.Published online 2023 Nov 19.doi:10.3390/bs13110950,11/19/2023,2023,Nov,19
"Developing STEM Career Identities among Latinx Youths: Collaborative Design, Evaluations, and Adaptations during COVID-19",https://www.ncbi.nlm.nih.gov/pmc/articles/PMC10669665/,"Chong Myung Park, Hayoung Kim Donnelly, Angelica Rodriguez, Luis Esquivel, Cecilia Nardi, Paul Trunfio, Alexandra Oliver-Davila, Kimberly A. S. Howard, V. Scott H. Solberg",Behav Sci (Basel)2023 Nov;13(11): 949.Published online 2023 Nov 18.doi:10.3390/bs13110949,11/18/2023,2023,Nov,18
"Stress, Resilience, Burnout and Study Hours in Physical Education Pre-Service Teachers—An Explanatory Model about Gender",https://www.ncbi.nlm.nih.gov/pmc/articles/PMC10669512/,"Eduardo Melguizo-Ibáñez, Gabriel González-Valero, José Manuel Alonso-Vargas, Rafael Caracuel-Cáliz, Manuel Ortega-Caballero, Pilar Puertas-Molero",Behav Sci (Basel)2023 Nov;13(11): 946.Published online 2023 Nov 17.doi:10.3390/bs13110946,11/17/2023,2023,Nov,17
Pathways by Which Self-Compassion Improves Positive Body Image: A Qualitative Analysis,https://www.ncbi.nlm.nih.gov/pmc/articles/PMC10669661/,"Trisha L. Raque, Brooke Lamphere, Christine Motzny, Julia Kauffmann, Kathryn Ziemer, Shaakira Haywood",Behav Sci (Basel)2023 Nov;13(11): 939.Published online 2023 Nov 16.doi:10.3390/bs13110939,11/16/2023,2023,Nov,16
"Correction: Aleissa et al. The Association between Video Game Type and Aggressive Behaviors in Saudi Youth: A Pilot Study.Behav. Sci. 2022,12, 289",https://www.ncbi.nlm.nih.gov/pmc/articles/PMC10669171/,"Majid A. Aleissa, Shuliweeh Alenezi, Hassan N. Saleheen, Sumayyah R. Bin Talib, Altaf H. Khan, Shatha A. Altassan, Ahmed S. Alyahya",Behav Sci (Basel)2023 Nov;13(11): 937.Published online 2023 Nov 16.doi:10.3390/bs13110937,11/16/2023,2023,Nov,16
"The 10-Item Short Form of the German Experiences in Close Relationships Scale (ECR-G-10)—Model Fit, Reliability, and Validity",https://www.ncbi.nlm.nih.gov/pmc/articles/PMC10669102/,"Eva Neumann, Elke Rohmann, Heribert Sattel",Behav Sci (Basel)2023 Nov;13(11): 935.Published online 2023 Nov 16.doi:10.3390/bs13110935,11/16/2023,2023,Nov,16
"The Influence of Classroom Size and Window View on Young Children’s Executive Functions and Physiological Responses, Based on VR Technology",https://www.ncbi.nlm.nih.gov/pmc/articles/PMC10668947/,Kijoo Cha,Behav Sci (Basel)2023 Nov;13(11): 936.Published online 2023 Nov 16.doi:10.3390/bs13110936,11/16/2023,2023,Nov,16
Impact of Teaching Palliative Psychology with Psychodrama and Arts Therapies on Psychology Students in Klagenfurt,https://www.ncbi.nlm.nih.gov/pmc/articles/PMC10669408/,"Michael Alexander Wieser, Alexandra Leitner",Behav Sci (Basel)2023 Nov;13(11): 931.Published online 2023 Nov 15.doi:10.3390/bs13110931,11/15/2023,2023,Nov,15
Pursuing Harmony and Fulfilling Responsibility: A Qualitative Study of the Orientation to Happiness (OTH) in Chinese Culture,https://www.ncbi.nlm.nih.gov/pmc/articles/PMC10669159/,"Rong Dong, Yunxi Wang, Chenguang Wei, Xiangling Hou, Kang Ju, Yiming Liang, Juzhe Xi",Behav Sci (Basel)2023 Nov;13(11): 930.Published online 2023 Nov 15.doi:10.3390/bs13110930,11/15/2023,2023,Nov,15
Negative Parenting Styles and Psychological Crisis in Adolescents: Testing a Moderated Mediating Model of School Connectedness and Self-Esteem,https://www.ncbi.nlm.nih.gov/pmc/articles/PMC10669031/,"Jinguo Zhao, Haiyan Zhao, Aibao Zhou",Behav Sci (Basel)2023 Nov;13(11): 929.Published online 2023 Nov 15.doi:10.3390/bs13110929,11/15/2023,2023,Nov,15
Analyzing Online Reviews to Uncover Customer Satisfaction Factors in Indian Cultural Tourism Destinations,https://www.ncbi.nlm.nih.gov/pmc/articles/PMC10669890/,"Aura Lydia Riswanto, Seieun Kim, Hak-Seon Kim",Behav Sci (Basel)2023 Nov;13(11): 923.Published online 2023 Nov 13.doi:10.3390/bs13110923,11/13/2023,2023,Nov,13
Payment Behavioral Response Mechanisms for All-Age Retrofitting of Older Communities: A Study among Chinese Residents,https://www.ncbi.nlm.nih.gov/pmc/articles/PMC10669147/,"Yang Zhang, Lei Dong",Behav Sci (Basel)2023 Nov;13(11): 925.Published online 2023 Nov 13.doi:10.3390/bs13110925,11/13/2023,2023,Nov,13
Expertise in Coach Development: The Need for Clarity,https://www.ncbi.nlm.nih.gov/pmc/articles/PMC10668957/,"Christine Nash, Michael Ashford, Loel Collins",Behav Sci (Basel)2023 Nov;13(11): 924.Published online 2023 Nov 13.doi:10.3390/bs13110924,11/13/2023,2023,Nov,13
Romantic Love and Behavioral Activation System Sensitivity to a Loved One,https://www.ncbi.nlm.nih.gov/pmc/articles/PMC10669312/,"Adam Bode, Phillip S. Kavanagh",Behav Sci (Basel)2023 Nov;13(11): 921.Published online 2023 Nov 10.doi:10.3390/bs13110921,11/10/2023,2023,Nov,10
"The Effects of Emotion, Spokesperson Type, and Benefit Appeals on Persuasion in Health Advertisements: Evidence from Macao",https://www.ncbi.nlm.nih.gov/pmc/articles/PMC10668933/,"Ling Jiang, Huihui Liu, Nan Jiang",Behav Sci (Basel)2023 Nov;13(11): 917.Published online 2023 Nov 10.doi:10.3390/bs13110917,11/10/2023,2023,Nov,10
Factors Affecting Physical Activity in People with Dementia: A Systematic Review and Narrative Synthesis,https://www.ncbi.nlm.nih.gov/pmc/articles/PMC10669736/,"Ruth W. Feenstra, Liese J. E. de Bruin, Marieke J. G. van Heuvelen",Behav Sci (Basel)2023 Nov;13(11): 913.Published online 2023 Nov 8.doi:10.3390/bs13110913,11/8/2023,2023,Nov,8
Getting Good Sleep with Family Support: The Role of Fear of Crime and Loneliness,https://www.ncbi.nlm.nih.gov/pmc/articles/PMC10669028/,"Chun Xia, Jia Xu, Yaya Wang",Behav Sci (Basel)2023 Nov;13(11): 909.Published online 2023 Nov 7.doi:10.3390/bs13110909,11/7/2023,2023,Nov,7
About the Need for a More Adequate Way to Get an Understanding of the Experiencing of Aesthetic Items,https://www.ncbi.nlm.nih.gov/pmc/articles/PMC10669559/,Claus-Christian Carbon,Behav Sci (Basel)2023 Nov;13(11): 907.Published online 2023 Nov 6.doi:10.3390/bs13110907,11/6/2023,2023,Nov,6
Reducing Work Withdrawal Behaviors When Faced with Work Obstacles: A Three-Way Interaction Model,https://www.ncbi.nlm.nih.gov/pmc/articles/PMC10669106/,"Jing Zhang, Di Su, Andrew P. Smith, Lei Yang",Behav Sci (Basel)2023 Nov;13(11): 908.Published online 2023 Nov 6.doi:10.3390/bs13110908,11/6/2023,2023,Nov,6
The Use of Nautical Activities in Formal Education: A Systematic Review,https://www.ncbi.nlm.nih.gov/pmc/articles/PMC10669126/,"Daniel Medina-Rebollo, Pedro Sáenz-López Buñuel, Eduardo José Fernández-Ozcorta, Jesús Fernández-Gavira",Behav Sci (Basel)2023 Nov;13(11): 905.Published online 2023 Nov 3.doi:10.3390/bs13110905,11/3/2023,2023,Nov,3
Relationship between Anxiety and Problematic Smartphone Use in First-Year Junior High School Students: Moderated Mediation Effects of Physical Activity and School Adjustment,https://www.ncbi.nlm.nih.gov/pmc/articles/PMC10669608/,"Mei Cao, Haibo Yang, Duanduan Chen",Behav Sci (Basel)2023 Nov;13(11): 901.Published online 2023 Nov 1.doi:10.3390/bs13110901,11/1/2023,2023,Nov,1
"When the Going Gets Challenging—Motivational Theories as a Driver for Workplace Health Promotion, Employees Well-Being and Quality of Life",https://www.ncbi.nlm.nih.gov/pmc/articles/PMC10669707/,"Lisa Karolin Coco, Petra Heidler, Holger Adam Fischer, Valeria Albanese, Roy Rillera Marzo, Vlastimil Kozon",Behav Sci (Basel)2023 Nov;13(11): 898.Published online 2023 Oct 30.doi:10.3390/bs13110898,10/30/2023,2023,Oct,30
Breaking (Fake) News: No Personal Relevance Effect on Misinformation Vulnerability,https://www.ncbi.nlm.nih.gov/pmc/articles/PMC10669344/,"Francesco Ceccarini, Pasquale Capuozzo, Ilaria Colpizzi, Corrado Caudek",Behav Sci (Basel)2023 Nov;13(11): 896.Published online 2023 Oct 30.doi:10.3390/bs13110896,10/30/2023,2023,Oct,30
Negative Life Events on Depression of Vocational Undergraduates in the Partial Least Squares Structural Equation Modeling Approach Perspective: A Mediated Moderation Model,https://www.ncbi.nlm.nih.gov/pmc/articles/PMC10669152/,"Sensen Zhang, Fengqin Ding, Yishu Sun, Zhi Jing, Ning Li",Behav Sci (Basel)2023 Nov;13(11): 895.Published online 2023 Oct 30.doi:10.3390/bs13110895,10/30/2023,2023,Oct,30
The Dark Side Effect of Entrepreneurial Resilience Diversity on Pivoting: The Role of Team Reflexivity,https://www.ncbi.nlm.nih.gov/pmc/articles/PMC10669087/,"Jialiang Fu, Renhong Zhu, Qin Liu, Yishuo Jiao, Xiaowei Li",Behav Sci (Basel)2023 Nov;13(11): 899.Published online 2023 Oct 30.doi:10.3390/bs13110899,10/30/2023,2023,Oct,30
The Relationship between Physical Activity and Life Satisfaction among University Students in China: The Mediating Role of Self-Efficacy and Resilience,https://www.ncbi.nlm.nih.gov/pmc/articles/PMC10669265/,"Jiaxin Deng, Yongfeng Liu, Rui Chen, Yu Wang",Behav Sci (Basel)2023 Nov;13(11): 889.Published online 2023 Oct 27.doi:10.3390/bs13110889,10/27/2023,2023,Oct,27
Career Adaptability and Resilience of Mental Health Service Users: The Role of Career Counseling,https://www.ncbi.nlm.nih.gov/pmc/articles/PMC10669170/,"Nikos Drosos, Antonis Korfiatis",Behav Sci (Basel)2023 Nov;13(11): 886.Published online 2023 Oct 26.doi:10.3390/bs13110886,10/26/2023,2023,Oct,26
Assessing Stigma towards Mental Illness in Relation to Demographics Attitudes and Past Experiences among Pharmacy Students in a Jordanian University Sample,https://www.ncbi.nlm.nih.gov/pmc/articles/PMC10669770/,"Amjad H. Bazzari, Firas H. Bazzari",Behav Sci (Basel)2023 Nov;13(11): 884.Published online 2023 Oct 25.doi:10.3390/bs13110884,10/25/2023,2023,Oct,25
Habits and Persistent Food Restriction in Patients with Anorexia Nervosa: A Scoping Review,https://www.ncbi.nlm.nih.gov/pmc/articles/PMC10669471/,"Ismara Santos Rocha Conceição, David Garcia-Burgos, Patrícia Fortes Cavalcanti de Macêdo, Carina Marcia Magalhães Nepomuceno, Emile Miranda Pereira, Carla de Magalhães Cunha, Camila Duarte Ferreira Ribeiro, Mônica Leila Portela de Santana",Behav Sci (Basel)2023 Nov;13(11): 883.Published online 2023 Oct 25.doi:10.3390/bs13110883,10/25/2023,2023,Oct,25
Differences in Help-Seeking Behavior among University Students during the COVID-19 Pandemic Depending on Mental Health Status: Results from a Cross-Sectional Survey,https://www.ncbi.nlm.nih.gov/pmc/articles/PMC10669357/,"Lukas Guenthner, Sabrina Baldofski, Elisabeth Kohls, Jan Schuhr, Tanja Brock, Christine Rummel-Kluge",Behav Sci (Basel)2023 Nov;13(11): 885.Published online 2023 Oct 25.doi:10.3390/bs13110885,10/25/2023,2023,Oct,25
Coping with the Stress through Individual and Contextual Resilient Factors in Primary School Settings,https://www.ncbi.nlm.nih.gov/pmc/articles/PMC10669573/,"Raquel Flores-Buils, Clara Andrés-Roqueta",Behav Sci (Basel)2023 Nov;13(11): 880.Published online 2023 Oct 24.doi:10.3390/bs13110880,10/24/2023,2023,Oct,24
Latent Class Analysis on Types of Challenging Behavior in Persons with Developmental Disabilities: Focusing on Factors Affecting the Types of Challenging Behavior,https://www.ncbi.nlm.nih.gov/pmc/articles/PMC10669221/,Daeyong Kim,Behav Sci (Basel)2023 Nov;13(11): 879.Published online 2023 Oct 24.doi:10.3390/bs13110879,10/24/2023,2023,Oct,24
The Subjective Experiences of Driving Cessation and Life Satisfaction,https://www.ncbi.nlm.nih.gov/pmc/articles/PMC10604913/,"Young-Sun Kim, Hyeri Shin, Sarang Um",Behav Sci (Basel)2023 Oct;13(10): 868.Published online 2023 Oct 23.doi:10.3390/bs13100868,10/23/2023,2023,Oct,23
Dispel the Clouds and See the Sun: Influencing Factors and Multiple Paths of User Retention Intention Formation,https://www.ncbi.nlm.nih.gov/pmc/articles/PMC10604729/,"Hongjin Zhang, Longying Hu, Yeom Kim",Behav Sci (Basel)2023 Oct;13(10): 872.Published online 2023 Oct 23.doi:10.3390/bs13100872,10/23/2023,2023,Oct,23
Socioeconomic Status and Students’ Mental Health during the COVID-19 University Closure: Mediating Roles of Perceived Social Support and Self-Efficacy,https://www.ncbi.nlm.nih.gov/pmc/articles/PMC10604470/,"Liang Huang, Dongsheng Wang",Behav Sci (Basel)2023 Oct;13(10): 871.Published online 2023 Oct 23.doi:10.3390/bs13100871,10/23/2023,2023,Oct,23
Influence of Positive Thinking Ideology on Physician Representations of Cancer,https://www.ncbi.nlm.nih.gov/pmc/articles/PMC10604145/,"Luis Felipe Higuita-Gutiérrez, Diego Alejandro Estrada-Mesa, Walter Alfredo Salas-Zapata, Jaiberth Antonio Cardona-Arias",Behav Sci (Basel)2023 Oct;13(10): 866.Published online 2023 Oct 23.doi:10.3390/bs13100866,10/23/2023,2023,Oct,23
The Mental Health Implications of Corporate Social Responsibility: The Significance of the Sense-Making Process and Prosocial Motivation,https://www.ncbi.nlm.nih.gov/pmc/articles/PMC10604044/,"Byung-Jik Kim, Min-Jik Kim, Dong-gwi Lee",Behav Sci (Basel)2023 Oct;13(10): 870.Published online 2023 Oct 23.doi:10.3390/bs13100870,10/23/2023,2023,Oct,23
"Path Model Analysis of the Effects of Perceived Formalism, and Fear of COVID-19 on Police Officers’ PTSD and Insomnia",https://www.ncbi.nlm.nih.gov/pmc/articles/PMC10604008/,"Frank Fu-Yuan Huang, Hsiang-Te Liu",Behav Sci (Basel)2023 Oct;13(10): 867.Published online 2023 Oct 23.doi:10.3390/bs13100867,10/23/2023,2023,Oct,23
Radicalization Processes and Transitional Phases in Female and Male Detainees Residing in Dutch Terrorism Wings,https://www.ncbi.nlm.nih.gov/pmc/articles/PMC10603938/,"Gaby Thijssen, Jelle Sijtsema, Stefan Bogaerts, Lys van de Voorde, Erik Masthoff",Behav Sci (Basel)2023 Oct;13(10): 877.Published online 2023 Oct 23.doi:10.3390/bs13100877,10/23/2023,2023,Oct,23
The Profiles and Antecedents of Supervisor-Directed Emotional Labor Strategies: The Role of Self-Identity and LMX Orientations in Emotional Labor Strategy,https://www.ncbi.nlm.nih.gov/pmc/articles/PMC10604331/,"Ranran Wang, Sang-Joon Kim, Insu Kwon",Behav Sci (Basel)2023 Oct;13(10): 865.Published online 2023 Oct 22.doi:10.3390/bs13100865,10/22/2023,2023,Oct,22
Effects of Materialism on Adolescents’ Prosocial and Aggressive Behaviors: The Mediating Role of Empathy,https://www.ncbi.nlm.nih.gov/pmc/articles/PMC10604363/,"Meijing Lv, Mengyuan Zhang, Nianhui Huang, Xinyuan Fu",Behav Sci (Basel)2023 Oct;13(10): 863.Published online 2023 Oct 21.doi:10.3390/bs13100863,10/21/2023,2023,Oct,21
Effect of Sleep Quality on Anxiety and Depression Symptoms among College Students in China’s Xizang Region: The Mediating Effect of Cognitive Emotion Regulation,https://www.ncbi.nlm.nih.gov/pmc/articles/PMC10603987/,"Yingting Wang, Zixuan Guang, Jinjing Zhang, Lixin Han, Rongqiang Zhang, Yichun Chen, Qi Chen, Zhenjia Liu, Yuan Gao, Ruipeng Wu, Shaokang Wang",Behav Sci (Basel)2023 Oct;13(10): 861.Published online 2023 Oct 20.doi:10.3390/bs13100861,10/20/2023,2023,Oct,20
Remembering Sets: Capacity Limit and Time Limit of Ensemble Representations in Working Memory,https://www.ncbi.nlm.nih.gov/pmc/articles/PMC10604157/,"Chaoer Xu, Yingzhu Qian, Hui Chen, Mowei Shen, Jifan Zhou",Behav Sci (Basel)2023 Oct;13(10): 856.Published online 2023 Oct 19.doi:10.3390/bs13100856,10/19/2023,2023,Oct,19
"Intercultural Friendships with International Students in China: Examining the Role of Intergroup Contact, Intercultural Communication Competence, Host Country Nationals’ Attitudes, and Perceived Intergroup Threats",https://www.ncbi.nlm.nih.gov/pmc/articles/PMC10604341/,"Lingjie Tang, Chang’an Zhang",Behav Sci (Basel)2023 Oct;13(10): 855.Published online 2023 Oct 18.doi:10.3390/bs13100855,10/18/2023,2023,Oct,18
Caring for Dementia Caregivers: Psychosocial Factors Related to Engagement in Self-Care Activities,https://www.ncbi.nlm.nih.gov/pmc/articles/PMC10604240/,"Xinyao Lin, Jerad H. Moxley, Sara J. Czaja",Behav Sci (Basel)2023 Oct;13(10): 851.Published online 2023 Oct 18.doi:10.3390/bs13100851,10/18/2023,2023,Oct,18
How Does Secure-Base Leadership Affect Employees’ Taking-Charge Behavior: The Role of Psychological Availability and Independent Self-Construal,https://www.ncbi.nlm.nih.gov/pmc/articles/PMC10603927/,"Huanhuan Li, Yanbo Zhang",Behav Sci (Basel)2023 Oct;13(10): 853.Published online 2023 Oct 18.doi:10.3390/bs13100853,10/18/2023,2023,Oct,18
Association between Maternal and Toddler Appetitive Traits in a Mexican Population,https://www.ncbi.nlm.nih.gov/pmc/articles/PMC10604555/,"Jocelyn González-Toribio, Claudia Hunot-Alexander, Edgar Manuel Vásquez-Garibay, Alfredo Larrosa-Haro, Erika Casillas-Toral, Carmen Patricia Curiel-Curiel",Behav Sci (Basel)2023 Oct;13(10): 849.Published online 2023 Oct 17.doi:10.3390/bs13100849,10/17/2023,2023,Oct,17
Sex Differences in Complex Posttraumatic Stress Disorder Network among Chinese Young Adults,https://www.ncbi.nlm.nih.gov/pmc/articles/PMC10604758/,"Yiming Liang, Luxi Yang",Behav Sci (Basel)2023 Oct;13(10): 846.Published online 2023 Oct 16.doi:10.3390/bs13100846,10/16/2023,2023,Oct,16
COVID-19—Evidence of the Impact of Literacy and Salutogenic Behaviours in Positive Mental Health: A Cross-Sectional Study,https://www.ncbi.nlm.nih.gov/pmc/articles/PMC10604396/,"Cláudia Almeida, André Novo, Maria Lluch Canut, Carme Ferré-Grau, Carlos Sequeira",Behav Sci (Basel)2023 Oct;13(10): 845.Published online 2023 Oct 16.doi:10.3390/bs13100845,10/16/2023,2023,Oct,16
Sleep and Well-Being during the COVID-19 Remote and In-Person Periods: Experiences of College Faculty and Staff with and without Disabilities,https://www.ncbi.nlm.nih.gov/pmc/articles/PMC10604366/,"Catherine S. Fichten, Samantha Wing, Georgiana Costin, Mary Jorgensen, Alice Havel, Susie Wileman, Sally Bailes, Laura Creti, Eva Libman",Behav Sci (Basel)2023 Oct;13(10): 844.Published online 2023 Oct 16.doi:10.3390/bs13100844,10/16/2023,2023,Oct,16
Effects of Physical Exercise on Cerebral Blood Velocity in Older Adults: A Systematic Review and Meta−Analysis,https://www.ncbi.nlm.nih.gov/pmc/articles/PMC10604216/,"Tiago Paiva Prudente, Henrique Nunes Pereira Oliva, Isabela Oliveira Oliva, Eleazar Mezaiko, Renato Sobral Monteiro-Junior",Behav Sci (Basel)2023 Oct;13(10): 847.Published online 2023 Oct 16.doi:10.3390/bs13100847,10/16/2023,2023,Oct,16
Physical Activity among Elderly Teachers Working in Basic Education Schools,https://www.ncbi.nlm.nih.gov/pmc/articles/PMC10604273/,"Nayra Suze Souza e Silva, Luana Lemos Leão, Rose Elizabeth Cabral Barbosa, Rosângela Ramos Veloso Silva, Tatiana Almeida de Magalhães, Cristina Andrade Sampaio, Luiza Augusta Rosa Rossi-Barbosa, Adriane Mesquita de Medeiros, Desirée Sant’Ana Haikal",Behav Sci (Basel)2023 Oct;13(10): 841.Published online 2023 Oct 14.doi:10.3390/bs13100841,10/14/2023,2023,Oct,14
Enhancing Subjective Wellbeing in Older Individuals with Amnestic Mild Cognitive Impairment: A Randomized Trial of a Positive Psychology Intervention,https://www.ncbi.nlm.nih.gov/pmc/articles/PMC10604606/,"Konstantina Tsiflikioti, Despoina Moraitou, Christos Pezirkianidis, Georgia Papantoniou, Maria Sofologi, Georgios A. Kougioumtzis, Magdalini Tsolaki",Behav Sci (Basel)2023 Oct;13(10): 838.Published online 2023 Oct 13.doi:10.3390/bs13100838,10/13/2023,2023,Oct,13
Impact of Met-Expectation of Athletic Justice on Athletic Satisfaction and Organizational Commitment via Leader–Member Exchange among Elite Saudi Arabian Athletes,https://www.ncbi.nlm.nih.gov/pmc/articles/PMC10604436/,"Seungmo Kim, Taeyeon Oh, Adam Love, Majed Essa Alahmad",Behav Sci (Basel)2023 Oct;13(10): 836.Published online 2023 Oct 13.doi:10.3390/bs13100836,10/13/2023,2023,Oct,13
Relations between Video Game Engagement and Social Development in Children: The Mediating Role of Executive Function and Age-Related Moderation,https://www.ncbi.nlm.nih.gov/pmc/articles/PMC10604845/,"Ke Xu, Shuliang Geng, Donghui Dou, Xiaocen Liu",Behav Sci (Basel)2023 Oct;13(10): 833.Published online 2023 Oct 11.doi:10.3390/bs13100833,10/11/2023,2023,Oct,11
"Post-Secondary Education Outcomes for Individuals with Intellectual and Developmental Disabilities: Self-Determination, Independent Living, Employment, and the Impact of COVID-19",https://www.ncbi.nlm.nih.gov/pmc/articles/PMC10604836/,"Dalun Zhang, Eric Roberts, Robert Maddalozzo, Yi-Fan Li, Meagan Orsag, Tracy Glass",Behav Sci (Basel)2023 Oct;13(10): 832.Published online 2023 Oct 11.doi:10.3390/bs13100832,10/11/2023,2023,Oct,11
Effectiveness on Quality of Life and Life Satisfaction for Older Adults: A Systematic Review and Meta-Analysis of Life Review and Reminiscence Therapy across Settings,https://www.ncbi.nlm.nih.gov/pmc/articles/PMC10603902/,"Qing Zhong, Cheng Chen, Shulin Chen",Behav Sci (Basel)2023 Oct;13(10): 830.Published online 2023 Oct 11.doi:10.3390/bs13100830,10/11/2023,2023,Oct,11
